Workbook

Sheet Sheet1
B2: 招聘需求面试入职统计表
B11: 序号 | C11: 部门名称 | D11: 需求人数 | E11: 面试人数 | F11: 通过人数 | G11: 入职人数 | L11: 入职总数 | M11: 入职率 | N11: 备注
G12: BOSS | H12: 前程 | I12: 智联 | J12: 赶集网 | K12: 其他
G13: =SUM(G14:G200) -> 4 | H13: =SUM(H14:H200) -> 2 | I13: =SUM(I14:I200) -> 3 | J13: =SUM(J14:J200) -> 2 | K13: =SUM(K14:K200) -> 3
B14: 1 | C14: 部门1 | D14: 5 | E14: =COUNTIF(面试预约入职信息表!$G$6:$G$20000,C14) -> 2 | F14: =COUNTIFS(面试预约入职信息表!$G$6:$G$20000,C14,面试预约入职信息表!$M$6:$M$20000,"☑") -> 1 | G14: =COUNTIFS(面试预约入职信息表!$G$6:$G$20000,C14,面试预约入职信息表!$N$6:$N$20000,"☑",面试预约入职信息表!$I$6:$I$20000,$G$12) -> 1 | H14: =COUNTIFS(面试预约入职信息表!$G$6:$G$20000,C14,面试预约入职信息表!$N$6:$N$20000,"☑",面试预约入职信息表!$I$6:$I$20000,$H$12) -> 0 | I14: =COUNTIFS(面试预约入职信息表!$G$6:$G$20000,C14,面试预约入职信息表!$N$6:$N$20000,"☑",面试预约入职信息表!$I$6:$I$20000,$I$12) -> 0 | J14: =COUNTIFS(面试预约入职信息表!$G$6:$G$20000,C14,面试预约入职信息表!$N$6:$N$20000,"☑",面试预约入职信息表!$I$6:$I$20000,$J$12) -> 0 | K14: =COUNTIFS(面试预约入职信息表!$G$6:$G$20000,C14,面试预约入职信息表!$N$6:$N$20000,"☑",面试预约入职信息表!$I$6:$I$20000,$K$12) -> 0 | L14: =G14+H14+I14+J14+K14 -> 1 | M14: =L14/E14 -> 0.5
B15: 2 | C15: 部门2 | D15: 4 | E15: =COUNTIF(面试预约入职信息表!$G$6:$G$20000,C15) -> 2 | F15: =COUNTIFS(面试预约入职信息表!$G$6:$G$20000,C15,面试预约入职信息表!$M$6:$M$20000,"☑") -> 2 | G15: =COUNTIFS(面试预约入职信息表!$G$6:$G$20000,C15,面试预约入职信息表!$N$6:$N$20000,"☑",面试预约入职信息表!$I$6:$I$20000,$G$12) -> 0 | H15: =COUNTIFS(面试预约入职信息表!$G$6:$G$20000,C15,面试预约入职信息表!$N$6:$N$20000,"☑",面试预约入职信息表!$I$6:$I$20000,$H$12) -> 1 | I15: =COUNTIFS(面试预约入职信息表!$G$6:$G$20000,C15,面试预约入职信息表!$N$6:$N$20000,"☑",面试预约入职信息表!$I$6:$I$20000,$I$12) -> 0 | J15: =COUNTIFS(面试预约入职信息表!$G$6:$G$20000,C15,面试预约入职信息表!$N$6:$N$20000,"☑",面试预约入职信息表!$I$6:$I$20000,$J$12) -> 0 | K15: =COUNTIFS(面试预约入职信息表!$G$6:$G$20000,C15,面试预约入职信息表!$N$6:$N$20000,"☑",面试预约入职信息表!$I$6:$I$20000,$K$12) -> 1 | L15: =G15+H15+I15+J15+K15 -> 2 | M15: =L15/E15 -> 1
B16: 3 | C16: 部门3 | D16: 3 | E16: =COUNTIF(面试预约入职信息表!$G$6:$G$20000,C16) -> 2 | F16: =COUNTIFS(面试预约入职信息表!$G$6:$G$20000,C16,面试预约入职信息表!$M$6:$M$20000,"☑") -> 0 | G16: =COUNTIFS(面试预约入职信息表!$G$6:$G$20000,C16,面试预约入职信息表!$N$6:$N$20000,"☑",面试预约入职信息表!$I$6:$I$20000,$G$12) -> 0 | H16: =COUNTIFS(面试预约入职信息表!$G$6:$G$20000,C16,面试预约入职信息表!$N$6:$N$20000,"☑",面试预约入职信息表!$I$6:$I$20000,$H$12) -> 0 | I16: =COUNTIFS(面试预约入职信息表!$G$6:$G$20000,C16,面试预约入职信息表!$N$6:$N$20000,"☑",面试预约入职信息表!$I$6:$I$20000,$I$12) -> 0 | J16: =COUNTIFS(面试预约入职信息表!$G$6:$G$20000,C16,面试预约入职信息表!$N$6:$N$20000,"☑",面试预约入职信息表!$I$6:$I$20000,$J$12) -> 0 | K16: =COUNTIFS(面试预约入职信息表!$G$6:$G$20000,C16,面试预约入职信息表!$N$6:$N$20000,"☑",面试预约入职信息表!$I$6:$I$20000,$K$12) -> 0 | L16: =G16+H16+I16+J16+K16 -> 0 | M16: =L16/E16 -> 0
B17: 4 | C17: 部门4 | D17: 4 | E17: =COUNTIF(面试预约入职信息表!$G$6:$G$20000,C17) -> 2 | F17: =COUNTIFS(面试预约入职信息表!$G$6:$G$20000,C17,面试预约入职信息表!$M$6:$M$20000,"☑") -> 2 | G17: =COUNTIFS(面试预约入职信息表!$G$6:$G$20000,C17,面试预约入职信息表!$N$6:$N$20000,"☑",面试预约入职信息表!$I$6:$I$20000,$G$12) -> 1 | H17: =COUNTIFS(面试预约入职信息表!$G$6:$G$20000,C17,面试预约入职信息表!$N$6:$N$20000,"☑",面试预约入职信息表!$I$6:$I$20000,$H$12) -> 0 | I17: =COUNTIFS(面试预约入职信息表!$G$6:$G$20000,C17,面试预约入职信息表!$N$6:$N$20000,"☑",面试预约入职信息表!$I$6:$I$20000,$I$12) -> 0 | J17: =COUNTIFS(面试预约入职信息表!$G$6:$G$20000,C17,面试预约入职信息表!$N$6:$N$20000,"☑",面试预约入职信息表!$I$6:$I$20000,$J$12) -> 1 | K17: =COUNTIFS(面试预约入职信息表!$G$6:$G$20000,C17,面试预约入职信息表!$N$6:$N$20000,"☑",面试预约入职信息表!$I$6:$I$20000,$K$12) -> 0 | L17: =G17+H17+I17+J17+K17 -> 2 | M17: =L17/E17 -> 1
B18: 5 | C18: 部门5 | D18: 2 | E18: =COUNTIF(面试预约入职信息表!$G$6:$G$20000,C18) -> 2 | F18: =COUNTIFS(面试预约入职信息表!$G$6:$G$20000,C18,面试预约入职信息表!$M$6:$M$20000,"☑") -> 2 | G18: =COUNTIFS(面试预约入职信息表!$G$6:$G$20000,C18,面试预约入职信息表!$N$6:$N$20000,"☑",面试预约入职信息表!$I$6:$I$20000,$G$12) -> 1 | H18: =COUNTIFS(面试预约入职信息表!$G$6:$G$20000,C18,面试预约入职信息表!$N$6:$N$20000,"☑",面试预约入职信息表!$I$6:$I$20000,$H$12) -> 0 | I18: =COUNTIFS(面试预约入职信息表!$G$6:$G$20000,C18,面试预约入职信息表!$N$6:$N$20000,"☑",面试预约入职信息表!$I$6:$I$20000,$I$12) -> 1 | J18: =COUNTIFS(面试预约入职信息表!$G$6:$G$20000,C18,面试预约入职信息表!$N$6:$N$20000,"☑",面试预约入职信息表!$I$6:$I$20000,$J$12) -> 0 | K18: =COUNTIFS(面试预约入职信息表!$G$6:$G$20000,C18,面试预约入职信息表!$N$6:$N$20000,"☑",面试预约入职信息表!$I$6:$I$20000,$K$12) -> 0 | L18: =G18+H18+I18+J18+K18 -> 2 | M18: =L18/E18 -> 1
B19: 6 | C19: 部门6 | D19: 4 | E19: =COUNTIF(面试预约入职信息表!$G$6:$G$20000,C19) -> 2 | F19: =COUNTIFS(面试预约入职信息表!$G$6:$G$20000,C19,面试预约入职信息表!$M$6:$M$20000,"☑") -> 0 | G19: =COUNTIFS(面试预约入职信息表!$G$6:$G$20000,C19,面试预约入职信息表!$N$6:$N$20000,"☑",面试预约入职信息表!$I$6:$I$20000,$G$12) -> 0 | H19: =COUNTIFS(面试预约入职信息表!$G$6:$G$20000,C19,面试预约入职信息表!$N$6:$N$20000,"☑",面试预约入职信息表!$I$6:$I$20000,$H$12) -> 0 | I19: =COUNTIFS(面试预约入职信息表!$G$6:$G$20000,C19,面试预约入职信息表!$N$6:$N$20000,"☑",面试预约入职信息表!$I$6:$I$20000,$I$12) -> 0 | J19: =COUNTIFS(面试预约入职信息表!$G$6:$G$20000,C19,面试预约入职信息表!$N$6:$N$20000,"☑",面试预约入职信息表!$I$6:$I$20000,$J$12) -> 0 | K19: =COUNTIFS(面试预约入职信息表!$G$6:$G$20000,C19,面试预约入职信息表!$N$6:$N$20000,"☑",面试预约入职信息表!$I$6:$I$20000,$K$12) -> 0 | L19: =G19+H19+I19+J19+K19 -> 0 | M19: =L19/E19 -> 0
B20: 7 | C20: 部门7 | D20: 2 | E20: =COUNTIF(面试预约入职信息表!$G$6:$G$20000,C20) -> 2 | F20: =COUNTIFS(面试预约入职信息表!$G$6:$G$20000,C20,面试预约入职信息表!$M$6:$M$20000,"☑") -> 2 | G20: =COUNTIFS(面试预约入职信息表!$G$6:$G$20000,C20,面试预约入职信息表!$N$6:$N$20000,"☑",面试预约入职信息表!$I$6:$I$20000,$G$12) -> 1 | H20: =COUNTIFS(面试预约入职信息表!$G$6:$G$20000,C20,面试预约入职信息表!$N$6:$N$20000,"☑",面试预约入职信息表!$I$6:$I$20000,$H$12) -> 0 | I20: =COUNTIFS(面试预约入职信息表!$G$6:$G$20000,C20,面试预约入职信息表!$N$6:$N$20000,"☑",面试预约入职信息表!$I$6:$I$20000,$I$12) -> 1 | J20: =COUNTIFS(面试预约入职信息表!$G$6:$G$20000,C20,面试预约入职信息表!$N$6:$N$20000,"☑",面试预约入职信息表!$I$6:$I$20000,$J$12) -> 0 | K20: =COUNTIFS(面试预约入职信息表!$G$6:$G$20000,C20,面试预约入职信息表!$N$6:$N$20000,"☑",面试预约入职信息表!$I$6:$I$20000,$K$12) -> 0 | L20: =G20+H20+I20+J20+K20 -> 2 | M20: =L20/E20 -> 1
B21: 8 | C21: 部门8 | D21: 3 | E21: =COUNTIF(面试预约入职信息表!$G$6:$G$20000,C21) -> 2 | F21: =COUNTIFS(面试预约入职信息表!$G$6:$G$20000,C21,面试预约入职信息表!$M$6:$M$20000,"☑") -> 0 | G21: =COUNTIFS(面试预约入职信息表!$G$6:$G$20000,C21,面试预约入职信息表!$N$6:$N$20000,"☑",面试预约入职信息表!$I$6:$I$20000,$G$12) -> 0 | H21: =COUNTIFS(面试预约入职信息表!$G$6:$G$20000,C21,面试预约入职信息表!$N$6:$N$20000,"☑",面试预约入职信息表!$I$6:$I$20000,$H$12) -> 0 | I21: =COUNTIFS(面试预约入职信息表!$G$6:$G$20000,C21,面试预约入职信息表!$N$6:$N$20000,"☑",面试预约入职信息表!$I$6:$I$20000,$I$12) -> 0 | J21: =COUNTIFS(面试预约入职信息表!$G$6:$G$20000,C21,面试预约入职信息表!$N$6:$N$20000,"☑",面试预约入职信息表!$I$6:$I$20000,$J$12) -> 0 | K21: =COUNTIFS(面试预约入职信息表!$G$6:$G$20000,C21,面试预约入职信息表!$N$6:$N$20000,"☑",面试预约入职信息表!$I$6:$I$20000,$K$12) -> 0 | L21: =G21+H21+I21+J21+K21 -> 0 | M21: =L21/E21 -> 0
B22: 9 | C22: 部门9 | D22: 5 | E22: =COUNTIF(面试预约入职信息表!$G$6:$G$20000,C22) -> 2 | F22: =COUNTIFS(面试预约入职信息表!$G$6:$G$20000,C22,面试预约入职信息表!$M$6:$M$20000,"☑") -> 1 | G22: =COUNTIFS(面试预约入职信息表!$G$6:$G$20000,C22,面试预约入职信息表!$N$6:$N$20000,"☑",面试预约入职信息表!$I$6:$I$20000,$G$12) -> 0 | H22: =COUNTIFS(面试预约入职信息表!$G$6:$G$20000,C22,面试预约入职信息表!$N$6:$N$20000,"☑",面试预约入职信息表!$I$6:$I$20000,$H$12) -> 1 | I22: =COUNTIFS(面试预约入职信息表!$G$6:$G$20000,C22,面试预约入职信息表!$N$6:$N$20000,"☑",面试预约入职信息表!$I$6:$I$20000,$I$12) -> 0 | J22: =COUNTIFS(面试预约入职信息表!$G$6:$G$20000,C22,面试预约入职信息表!$N$6:$N$20000,"☑",面试预约入职信息表!$I$6:$I$20000,$J$12) -> 0 | K22: =COUNTIFS(面试预约入职信息表!$G$6:$G$20000,C22,面试预约入职信息表!$N$6:$N$20000,"☑",面试预约入职信息表!$I$6:$I$20000,$K$12) -> 0 | L22: =G22+H22+I22+J22+K22 -> 1 | M22: =L22/E22 -> 0.5
B23: 10 | C23: 部门10 | D23: 2 | E23: =COUNTIF(面试预约入职信息表!$G$6:$G$20000,C23) -> 2 | F23: =COUNTIFS(面试预约入职信息表!$G$6:$G$20000,C23,面试预约入职信息表!$M$6:$M$20000,"☑") -> 1 | G23: =COUNTIFS(面试预约入职信息表!$G$6:$G$20000,C23,面试预约入职信息表!$N$6:$N$20000,"☑",面试预约入职信息表!$I$6:$I$20000,$G$12) -> 0 | H23: =COUNTIFS(面试预约入职信息表!$G$6:$G$20000,C23,面试预约入职信息表!$N$6:$N$20000,"☑",面试预约入职信息表!$I$6:$I$20000,$H$12) -> 0 | I23: =COUNTIFS(面试预约入职信息表!$G$6:$G$20000,C23,面试预约入职信息表!$N$6:$N$20000,"☑",面试预约入职信息表!$I$6:$I$20000,$I$12) -> 1 | J23: =COUNTIFS(面试预约入职信息表!$G$6:$G$20000,C23,面试预约入职信息表!$N$6:$N$20000,"☑",面试预约入职信息表!$I$6:$I$20000,$J$12) -> 0 | K23: =COUNTIFS(面试预约入职信息表!$G$6:$G$20000,C23,面试预约入职信息表!$N$6:$N$20000,"☑",面试预约入职信息表!$I$6:$I$20000,$K$12) -> 0 | L23: =G23+H23+I23+J23+K23 -> 1 | M23: =L23/E23 -> 0.5
B24: 11 | C24: 部门11 | D24: 4 | E24: =COUNTIF(面试预约入职信息表!$G$6:$G$20000,C24) -> 2 | F24: =COUNTIFS(面试预约入职信息表!$G$6:$G$20000,C24,面试预约入职信息表!$M$6:$M$20000,"☑") -> 1 | G24: =COUNTIFS(面试预约入职信息表!$G$6:$G$20000,C24,面试预约入职信息表!$N$6:$N$20000,"☑",面试预约入职信息表!$I$6:$I$20000,$G$12) -> 0 | H24: =COUNTIFS(面试预约入职信息表!$G$6:$G$20000,C24,面试预约入职信息表!$N$6:$N$20000,"☑",面试预约入职信息表!$I$6:$I$20000,$H$12) -> 0 | I24: =COUNTIFS(面试预约入职信息表!$G$6:$G$20000,C24,面试预约入职信息表!$N$6:$N$20000,"☑",面试预约入职信息表!$I$6:$I$20000,$I$12) -> 0 | J24: =COUNTIFS(面试预约入职信息表!$G$6:$G$20000,C24,面试预约入职信息表!$N$6:$N$20000,"☑",面试预约入职信息表!$I$6:$I$20000,$J$12) -> 1 | K24: =COUNTIFS(面试预约入职信息表!$G$6:$G$20000,C24,面试预约入职信息表!$N$6:$N$20000,"☑",面试预约入职信息表!$I$6:$I$20000,$K$12) -> 0 | L24: =G24+H24+I24+J24+K24 -> 1 | M24: =L24/E24 -> 0.5
B25: 12 | C25: 部门12 | D25: 2 | E25: =COUNTIF(面试预约入职信息表!$G$6:$G$20000,C25) -> 2 | F25: =COUNTIFS(面试预约入职信息表!$G$6:$G$20000,C25,面试预约入职信息表!$M$6:$M$20000,"☑") -> 2 | G25: =COUNTIFS(面试预约入职信息表!$G$6:$G$20000,C25,面试预约入职信息表!$N$6:$N$20000,"☑",面试预约入职信息表!$I$6:$I$20000,$G$12) -> 0 | H25: =COUNTIFS(面试预约入职信息表!$G$6:$G$20000,C25,面试预约入职信息表!$N$6:$N$20000,"☑",面试预约入职信息表!$I$6:$I$20000,$H$12) -> 0 | I25: =COUNTIFS(面试预约入职信息表!$G$6:$G$20000,C25,面试预约入职信息表!$N$6:$N$20000,"☑",面试预约入职信息表!$I$6:$I$20000,$I$12) -> 0 | J25: =COUNTIFS(面试预约入职信息表!$G$6:$G$20000,C25,面试预约入职信息表!$N$6:$N$20000,"☑",面试预约入职信息表!$I$6:$I$20000,$J$12) -> 0 | K25: =COUNTIFS(面试预约入职信息表!$G$6:$G$20000,C25,面试预约入职信息表!$N$6:$N$20000,"☑",面试预约入职信息表!$I$6:$I$20000,$K$12) -> 2 | L25: =G25+H25+I25+J25+K25 -> 2 | M25: =L25/E25 -> 1

Sheet 面试预约入职信息表
B2: 预约面试入职登记表
B4: 序号 | C4: 预约日期 | D4: 姓名 | E4: 性别 | F4: 年龄 | G4: 面试部门 | H4: 联系方式 | I4: 招聘渠道 | J4: 面试结果 | M4: 是否通过 | N4: 是否入职 | O4: 入职日期 | P4: 备注
J5: 一轮 | K5: 一轮 | L5: 一轮 | R5: 当前年份 | S5: 2022 | T5: =MONTH(TODAY()) -> 8
B6: 1 | C6: 44615 | D6: 王王1 | E6: 男 | F6: 25 | G6: 部门1 | H6: 158xxxx9854 | I6: BOSS | J6: ☑ | K6: ☑ | L6: ☑ | M6: ☑ | N6: ☑ | O6: 44592 | R6: 月份 | S6: 面试人数 | T6: 入职人数
B7: 2 | C7: 44574 | D7: 王王2 | E7: 男 | F7: 22 | G7: 部门2 | H7: 132xxxx5698 | I7: 前程 | J7: ☑ | K7: ☑ | L7: ☑ | M7: ☑ | N7: ☑ | O7: 44620 | R7: 1月 | S7: =SUMPRODUCT((YEAR($C$6:$C$20000)=$S$5)*(MONTH($C$6:$C$20000)=1)) -> 2 | T7: =SUMPRODUCT((YEAR($O$6:$O$20000)=$S$5)*(MONTH($O$6:$O$20000)=1)) -> 1
B8: 3 | C8: 44606 | D8: 王王3 | E8: 女 | F8: 27 | G8: 部门3 | H8: 159xxxx4587 | I8: 智联 | J8: ☑ | K8: ☒ | L8: □ | M8: ☒ | N8: □ | R8: 2月 | S8: =SUMPRODUCT((YEAR($C$6:$C$20000)=$S$5)*(MONTH($C$6:$C$20000)=2)) -> 4 | T8: =SUMPRODUCT((YEAR($O$6:$O$20000)=$S$5)*(MONTH($O$6:$O$20000)=2)) -> 1
B9: 4 | C9: 44635 | D9: 王王4 | E9: 男 | F9: 31 | G9: 部门4 | H9: 136xxxx5965 | I9: 赶集网 | J9: ☑ | K9: ☑ | L9: ☑ | M9: ☑ | N9: ☑ | O9: 44681 | R9: 3月 | S9: =SUMPRODUCT((YEAR($C$6:$C$20000)=$S$5)*(MONTH($C$6:$C$20000)=3)) -> 2 | T9: =SUMPRODUCT((YEAR($O$6:$O$20000)=$S$5)*(MONTH($O$6:$O$20000)=3)) -> 1
B10: 5 | C10: 44667 | D10: 王王5 | E10: 男 | F10: 40 | G10: 部门5 | H10: 155xxxx9854 | I10: 智联 | J10: ☑ | K10: ☑ | L10: ☑ | M10: ☑ | N10: ☑ | O10: 44712 | R10: 4月 | S10: =SUMPRODUCT((YEAR($C$6:$C$20000)=$S$5)*(MONTH($C$6:$C$20000)=4)) -> 2 | T10: =SUMPRODUCT((YEAR($O$6:$O$20000)=$S$5)*(MONTH($O$6:$O$20000)=4)) -> 1
B11: 6 | C11: 44698 | D11: 王王6 | E11: 女 | F11: 41 | G11: 部门6 | H11: 131xxxx5874 | I11: 其他 | J11: ☒ | K11: □ | L11: □ | M11: ☒ | N11: □ | R11: 5月 | S11: =SUMPRODUCT((YEAR($C$6:$C$20000)=$S$5)*(MONTH($C$6:$C$20000)=5)) -> 2 | T11: =SUMPRODUCT((YEAR($O$6:$O$20000)=$S$5)*(MONTH($O$6:$O$20000)=5)) -> 1
B12: 7 | C12: 44730 | D12: 王王7 | E12: 男 | F12: 25 | G12: 部门7 | H12: 158xxxx9855 | I12: BOSS | J12: ☑ | K12: ☑ | L12: ☑ | M12: ☑ | N12: ☑ | O12: 44773 | R12: 6月 | S12: =SUMPRODUCT((YEAR($C$6:$C$20000)=$S$5)*(MONTH($C$6:$C$20000)=6)) -> 2 | T12: =SUMPRODUCT((YEAR($O$6:$O$20000)=$S$5)*(MONTH($O$6:$O$20000)=6)) -> 1
B13: 8 | C13: 44761 | D13: 王王8 | E13: 男 | F13: 32 | G13: 部门8 | H13: 132xxxx5699 | I13: BOSS | J13: ☑ | K13: ☒ | L13: □ | M13: □ | N13: □ | R13: 7月 | S13: =SUMPRODUCT((YEAR($C$6:$C$20000)=$S$5)*(MONTH($C$6:$C$20000)=7)) -> 2 | T13: =SUMPRODUCT((YEAR($O$6:$O$20000)=$S$5)*(MONTH($O$6:$O$20000)=7)) -> 1
B14: 9 | C14: 44793 | D14: 王王9 | E14: 女 | F14: 35 | G14: 部门9 | H14: 159xxxx4588 | I14: 前程 | J14: ☑ | K14: ☑ | L14: ☑ | M14: ☑ | N14: ☑ | O14: 44834 | R14: 8月 | S14: =SUMPRODUCT((YEAR($C$6:$C$20000)=$S$5)*(MONTH($C$6:$C$20000)=8)) -> 3 | T14: =SUMPRODUCT((YEAR($O$6:$O$20000)=$S$5)*(MONTH($O$6:$O$20000)=8)) -> 1
B15: 10 | C15: 44825 | D15: 王王10 | E15: 男 | F15: 39 | G15: 部门10 | H15: 136xxxx5966 | I15: 智联 | J15: ☒ | K15: □ | L15: □ | M15: □ | N15: □ | R15: 9月 | S15: =SUMPRODUCT((YEAR($C$6:$C$20000)=$S$5)*(MONTH($C$6:$C$20000)=9)) -> 2 | T15: =SUMPRODUCT((YEAR($O$6:$O$20000)=$S$5)*(MONTH($O$6:$O$20000)=9)) -> 1
B16: 11 | C16: 44614 | D16: 王王11 | E16: 男 | F16: 24 | G16: 部门11 | H16: 155xxxx9855 | I16: 赶集网 | J16: ☑ | K16: ☑ | L16: ☑ | M16: ☑ | N16: ☑ | O16: 44895 | R16: 10月 | S16: =SUMPRODUCT((YEAR($C$6:$C$20000)=$S$5)*(MONTH($C$6:$C$20000)=10)) -> 1 | T16: =SUMPRODUCT((YEAR($O$6:$O$20000)=$S$5)*(MONTH($O$6:$O$20000)=10)) -> 2
B17: 12 | C17: 44849 | D17: 王王12 | E17: 女 | F17: 28 | G17: 部门12 | H17: 131xxxx5875 | I17: 其他 | J17: ☑ | K17: ☑ | L17: ☑ | M17: ☑ | N17: ☑ | O17: 44926 | R17: 11月 | S17: =SUMPRODUCT((YEAR($C$6:$C$20000)=$S$5)*(MONTH($C$6:$C$20000)=11)) -> 1 | T17: =SUMPRODUCT((YEAR($O$6:$O$20000)=$S$5)*(MONTH($O$6:$O$20000)=11)) -> 2
B18: 13 | C18: 44881 | D18: 王王13 | E18: 男 | F18: 30 | G18: 部门1 | H18: 158xxxx9856 | I18: 智联 | J18: ☒ | K18: □ | L18: □ | M18: □ | N18: □ | R18: 12月 | S18: =SUMPRODUCT((YEAR($C$6:$C$20000)=$S$5)*(MONTH($C$6:$C$20000)=12)) -> 1 | T18: =SUMPRODUCT((YEAR($O$6:$O$20000)=$S$5)*(MONTH($O$6:$O$20000)=12)) -> 1
B19: 14 | C19: 44912 | D19: 王王14 | E19: 男 | F19: 29 | G19: 部门2 | H19: 132xxxx5700 | I19: 其他 | J19: ☑ | K19: ☑ | L19: ☑ | M19: ☑ | N19: ☑ | O19: 44895 | R19: 合计 | S19: =SUM(S7:S18) -> 24 | T19: =SUM(T7:T18) -> 14
B20: 15 | C20: 44575 | D20: 王王15 | E20: 男 | F20: 25 | G20: 部门3 | H20: 131xxxx5875 | I20: 其他 | J20: ☒ | K20: □ | L20: □ | M20: □ | N20: □
B21: 16 | C21: 44635 | D21: 王王16 | E21: 男 | F21: 32 | G21: 部门4 | H21: 158xxxx9856 | I21: BOSS | J21: ☑ | K21: ☑ | L21: ☑ | M21: ☑ | N21: ☑ | O21: 44742 | R21: 累计面试 | S21: =S19 -> 24
B22: 17 | C22: 44667 | D22: 王王17 | E22: 女 | F22: 35 | G22: 部门5 | H22: 132xxxx5700 | I22: BOSS | J22: ☑ | K22: ☑ | L22: ☑ | M22: ☑ | N22: ☑ | O22: 44865 | R22: 累计入职 | S22: =T19 -> 14
B23: 18 | C23: 44698 | D23: 王王18 | E23: 男 | F23: 39 | G23: 部门6 | H23: 159xxxx4589 | I23: 前程 | J23: ☒ | K23: □ | L23: □ | M23: □ | N23: □ | R23: 今日面试 | S23: =COUNTIF(C6:C20000,TODAY()) -> 0
B24: 19 | C24: 44730 | D24: 王王19 | E24: 男 | F24: 24 | G24: 部门7 | H24: 136xxxx5967 | I24: 智联 | J24: ☑ | K24: ☑ | L24: ☑ | M24: ☑ | N24: ☑ | O24: 44804 | R24: 本月入职 | S24: =SUMPRODUCT((YEAR($O$6:$O$20000)=$S$5)*(MONTH($O$6:$O$20000)=T5)) -> 1
B25: 20 | C25: 44761 | D25: 王王20 | E25: 女 | F25: 28 | G25: 部门8 | H25: 155xxxx9856 | I25: 赶集网 | J25: ☒ | K25: □ | L25: □ | M25: □ | N25: □
B26: 21 | C26: 44793 | D26: 王王21 | E26: 男 | F26: 30 | G26: 部门9 | H26: 131xxxx5876 | I26: 其他 | J26: ☒ | K26: □ | L26: □ | M26: □ | N26: □
B27: 22 | C27: 44825 | D27: 王王22 | E27: 男 | F27: 29 | G27: 部门10 | H27: 158xxxx9857 | I27: 智联 | J27: ☑ | K27: ☑ | L27: ☑ | M27: ☑ | N27: ☑ | O27: 44651
B28: 23 | C28: 44614 | D28: 王王23 | E28: 男 | F28: 31 | G28: 部门11 | H28: 132xxxx5701 | I28: 智联 | J28: ☒ | K28: □ | L28: □ | M28: □ | N28: □
B29: 24 | C29: 44793 | D29: 王王24 | E29: 男 | F29: 40 | G29: 部门12 | H29: 131xxxx5876 | I29: 其他 | J29: ☑ | K29: ☑ | L29: ☑ | M29: ☑ | N29: ☑ | O29: 44865

Sheet 使用说明
